{"0": [0.12903708219528198, 0.15973535180091858, 0.1805354505777359, 0.19611136615276337, 0.20811167359352112, 0.2175927609205246, 0.22527332603931427, 0.2316429167985916, 0.23703576624393463, 0.2417788803577423, 0.246052086353302, 0.2500026822090149, 0.25374528765678406, 0.25737038254737854, 0.26096099615097046, 0.26458823680877686, 0.26829758286476135, 0.2721179127693176, 0.27606579661369324, 0.2801212966442108, 0.28430402278900146, 0.2886125147342682, 0.2930566370487213, 0.29762858152389526, 0.3023124635219574, 0.3070813715457916, 0.31192079186439514, 0.31681010127067566, 0.3217131197452545, 0.32658275961875916, 0.3313806354999542, 0.336091548204422, 0.3406718373298645, 0.3450910151004791, 0.3493265211582184, 0.35341012477874756, 0.35732918977737427, 0.36113062500953674, 0.3648257553577423, 0.3684506118297577, 0.3720155656337738, 0.37554028630256653, 0.37903815507888794, 0.3825226128101349, 0.3859859108924866, 0.3894197344779968, 0.39280274510383606, 0.39612436294555664, 0.3993578553199768, 0.4025002121925354, 0.40552833676338196, 0.4084378778934479, 0.41122573614120483, 0.4138936400413513, 0.41645339131355286, 0.41892102360725403, 0.4213082492351532, 0.42363980412483215, 0.4259379804134369, 0.4282165765762329, 0.43051397800445557, 0.43283823132514954, 0.4352239966392517, 0.43769752979278564, 0.4402804374694824, 0.4429924488067627, 0.4458249807357788, 0.44879239797592163, 0.4518659710884094, 0.45502686500549316, 0.45824483036994934, 0.4614880084991455, 0.4647405743598938, 0.46798649430274963, 0.47121936082839966, 0.4744347035884857, 0.4776240587234497, 0.48081186413764954, 0.48401761054992676, 0.4872610867023468, 0.4905926585197449, 0.4940471053123474, 0.4976958632469177, 0.5016312003135681, 0.5059731602668762, 0.5108630657196045, 0.5164554715156555, 0.522942841053009, 0.5305288434028625, 0.5394459962844849, 0.5498407483100891, 0.561855137348175, 0.575739324092865, 0.5921577215194702, 0.6126402020454407, 0.6393910050392151, 0.674103319644928, 0.7154456973075867, 0.7641250491142273, 0.8290519118309021], "7000": [0.17029593884944916, 0.1828320473432541, 0.1909477561712265, 0.19632527232170105, 0.2001386433839798, 0.2029930204153061, 0.20522935688495636, 0.2070508748292923, 0.20858284831047058, 0.20992989838123322, 0.21116255223751068, 0.21232417225837708, 0.21345780789852142, 0.21458786725997925, 0.21573330461978912, 0.2169075310230255, 0.21812909841537476, 0.2194131314754486, 0.22077159583568573, 0.22222183644771576, 0.22377614676952362, 0.22544993460178375, 0.22724635899066925, 0.22917337715625763, 0.2312318980693817, 0.23342527449131012, 0.2357701063156128, 0.23829418420791626, 0.2410278618335724, 0.24402323365211487, 0.24733412265777588, 0.251044899225235, 0.2552237808704376, 0.25991368293762207, 0.26508545875549316, 0.2706435024738312, 0.2764395475387573, 0.2823154330253601, 0.288126140832901, 0.29378005862236023, 0.2992495894432068, 0.30451375246047974, 0.30955493450164795, 0.3143611550331116, 0.3189629912376404, 0.3233611583709717, 0.3275933861732483, 0.33166995644569397, 0.3355686366558075, 0.33928295969963074, 0.3427864909172058, 0.3460668623447418, 0.34914064407348633, 0.3520466089248657, 0.35487163066864014, 0.3577365577220917, 0.36076077818870544, 0.36410024762153625, 0.3678925037384033, 0.3722544014453888, 0.3772846758365631, 0.3830256462097168, 0.389456570148468, 0.3965398371219635, 0.4041822552680969, 0.41225555539131165, 0.4206031262874603, 0.4290860891342163, 0.4376087486743927, 0.4460519552230835, 0.45437952876091003, 0.4626716077327728, 0.4710100591182709, 0.4794790744781494, 0.48820948600769043, 0.49722543358802795, 0.5064670443534851, 0.5158755779266357, 0.5252848267555237, 0.5346041917800903, 0.5437010526657104, 0.5524856448173523, 0.5609382390975952, 0.5690463185310364, 0.5768998265266418, 0.584625780582428, 0.5923718214035034, 0.6003145575523376, 0.6085975170135498, 0.6174127459526062, 0.6270090341567993, 0.6377114057540894, 0.6497798562049866, 0.6637358069419861, 0.6799358129501343, 0.6990212798118591, 0.7214975953102112, 0.7484457492828369, 0.7820992469787598, 0.8292685151100159], "14000": [0.17528186738491058, 0.19030781090259552, 0.1999550610780716, 0.2062489092350006, 0.2107638269662857, 0.21423880755901337, 0.2170272022485733, 0.21933269500732422, 0.22128824889659882, 0.22299189865589142, 0.22451573610305786, 0.22591140866279602, 0.22721871733665466, 0.22847400605678558, 0.22970353066921234, 0.23092904686927795, 0.23216374218463898, 0.23342068493366241, 0.2347184121608734, 0.23606346547603607, 0.237461656332016, 0.2389177531003952, 0.24042335152626038, 0.24197664856910706, 0.24356701970100403, 0.24519778788089752, 0.24686521291732788, 0.24859465658664703, 0.250406414270401, 0.25233790278434753, 0.25443679094314575, 0.2567426860332489, 0.2592950761318207, 0.2621251344680786, 0.2652173936367035, 0.2685256600379944, 0.2719730734825134, 0.2754742503166199, 0.27892351150512695, 0.2822452187538147, 0.2853676378726959, 0.2882675230503082, 0.2909426689147949, 0.293438196182251, 0.2958086133003235, 0.2981361150741577, 0.3004957139492035, 0.30297839641571045, 0.30564001202583313, 0.3085269629955292, 0.31167855858802795, 0.3150917887687683, 0.3187565505504608, 0.32263052463531494, 0.3266787528991699, 0.3308795690536499, 0.33521485328674316, 0.3396829664707184, 0.3442951738834381, 0.3490354120731354, 0.35389992594718933, 0.35887613892555237, 0.36392152309417725, 0.3689723312854767, 0.37397584319114685, 0.3788881003856659, 0.38364171981811523, 0.3882213234901428, 0.3926050066947937, 0.39679399132728577, 0.40082260966300964, 0.40471529960632324, 0.4085257649421692, 0.4122936427593231, 0.41608595848083496, 0.41995689272880554, 0.42397016286849976, 0.428160697221756, 0.4326147139072418, 0.4374171197414398, 0.44261568784713745, 0.44829556345939636, 0.45454731583595276, 0.46137574315071106, 0.4688087999820709, 0.47686031460762024, 0.4854731857776642, 0.4946591854095459, 0.5043938755989075, 0.5147998929023743, 0.5260191559791565, 0.5383697152137756, 0.5523873567581177, 0.5686985850334167, 0.588346004486084, 0.6125485301017761, 0.6426137089729309, 0.679548442363739, 0.7253232002258301, 0.7869095802307129],